product_number,gold_label,source_page,source_row,source_column,source_image
10-1105-495,false,1,1,1,bcb0b00b88fede9e366db73feb3bd488.jpg
10-3742-791,true,1,1,2,bcb0b00b88fede9e366db73feb3bd488.jpg
10-7931-791,true,1,1,3,bcb0b00b88fede9e366db73feb3bd488.jpg
10-9374-493,false,1,1,4,bcb0b00b88fede9e366db73feb3bd488.jpg
11-9304-798,false,1,1,5,bcb0b00b88fede9e366db73feb3bd488.jpg
10-1106-498,false,1,2,1,bcb0b00b88fede9e366db73feb3bd488.jpg
10-3859-491,true,1,2,2,bcb0b00b88fede9e366db73feb3bd488.jpg
10-8214-680,true,1,2,3,bcb0b00b88fede9e366db73feb3bd488.jpg
10-9467-494,false,1,2,4,bcb0b00b88fede9e366db73feb3bd488.jpg
11-9305-791,false,1,2,5,bcb0b00b88fede9e366db73feb3bd488.jpg
10-1107-491,false,1,3,1,bcb0b00b88fede9e366db73feb3bd488.jpg
10-4703-140,true,1,3,2,bcb0b00b88fede9e366db73feb3bd488.jpg
10-8215-683,true,1,3,3,bcb0b00b88fede9e366db73feb3bd488.jpg
10-9473-680,false,1,3,4,bcb0b00b88fede9e366db73feb3bd488.jpg
11-9306-145,false,1,3,5,bcb0b00b88fede9e366db73feb3bd488.jpg
10-1108-494,false,1,4,1,bcb0b00b88fede9e366db73feb3bd488.jpg
10-5237-578,true,1,4,2,bcb0b00b88fede9e366db73feb3bd488.jpg
10-8216-686,true,1,4,3,bcb0b00b88fede9e366db73feb3bd488.jpg
10-9474-140,true,1,4,4,bcb0b00b88fede9e366db73feb3bd488.jpg
11-9306-794,false,1,4,5,bcb0b00b88fede9e366db73feb3bd488.jpg
10-1710-576,true,1,5,1,bcb0b00b88fede9e366db73feb3bd488.jpg
10-5238-571,true,1,5,2,bcb0b00b88fede9e366db73feb3bd488.jpg
10-8217-689,true,1,5,3,bcb0b00b88fede9e366db73feb3bd488.jpg
10-9475-143,true,1,5,4,bcb0b00b88fede9e366db73feb3bd488.jpg
11-9307-148,false,1,5,5,bcb0b00b88fede9e366db73feb3bd488.jpg
10-1712-794,true,1,6,1,bcb0b00b88fede9e366db73feb3bd488.jpg
10-5243-498,true,1,6,2,bcb0b00b88fede9e366db73feb3bd488.jpg
10-8220-685,true,1,6,3,bcb0b00b88fede9e366db73feb3bd488.jpg
10-9476-146,true,1,6,4,bcb0b00b88fede9e366db73feb3bd488.jpg
11-9307-681,false,1,6,5,bcb0b00b88fede9e366db73feb3bd488.jpg
10-1822-578,true,1,7,1,bcb0b00b88fede9e366db73feb3bd488.jpg
10-5244-491,true,1,7,2,bcb0b00b88fede9e366db73feb3bd488.jpg
10-8229-149,false,1,7,3,bcb0b00b88fede9e366db73feb3bd488.jpg
10-9621-496,true,1,7,4,bcb0b00b88fede9e366db73feb3bd488.jpg
11-9308-141,false,1,7,5,bcb0b00b88fede9e366db73feb3bd488.jpg
10-1825-492,false,1,8,1,bcb0b00b88fede9e366db73feb3bd488.jpg
10-5264-143,true,1,8,2,bcb0b00b88fede9e366db73feb3bd488.jpg
10-8231-142,true,1,8,3,bcb0b00b88fede9e366db73feb3bd488.jpg
10-9629-148,true,1,8,4,bcb0b00b88fede9e366db73feb3bd488.jpg
11-9308-684,true,1,8,5,bcb0b00b88fede9e366db73feb3bd488.jpg
10-1827-498,true,1,9,1,bcb0b00b88fede9e366db73feb3bd488.jpg
10-5265-146,true,1,9,2,bcb0b00b88fede9e366db73feb3bd488.jpg
10-8233-148,true,1,9,3,bcb0b00b88fede9e366db73feb3bd488.jpg
10-9630-148,true,1,9,4,bcb0b00b88fede9e366db73feb3bd488.jpg
11-9309-687,true,1,9,5,bcb0b00b88fede9e366db73feb3bd488.jpg
10-1909-680,true,1,10,1,bcb0b00b88fede9e366db73feb3bd488.jpg
10-5268-794,true,1,10,2,bcb0b00b88fede9e366db73feb3bd488.jpg
10-8234-141,true,1,10,3,bcb0b00b88fede9e366db73feb3bd488.jpg
10-9635-792,true,1,10,4,bcb0b00b88fede9e366db73feb3bd488.jpg
11-9403-794,false,1,10,5,bcb0b00b88fede9e366db73feb3bd488.jpg
10-1912-143,true,1,11,1,bcb0b00b88fede9e366db73feb3bd488.jpg
10-5269-797,true,1,11,2,bcb0b00b88fede9e366db73feb3bd488.jpg
10-8240-146,false,1,11,3,bcb0b00b88fede9e366db73feb3bd488.jpg
10-9707-147,false,1,11,4,bcb0b00b88fede9e366db73feb3bd488.jpg
11-9404-681,false,1,11,5,bcb0b00b88fede9e366db73feb3bd488.jpg
10-1913-146,true,1,12,1,bcb0b00b88fede9e366db73feb3bd488.jpg
10-5278-579,true,1,12,2,bcb0b00b88fede9e366db73feb3bd488.jpg
10-8244-797,true,1,12,3,bcb0b00b88fede9e366db73feb3bd488.jpg
10-9709-792,true,1,12,4,bcb0b00b88fede9e366db73feb3bd488.jpg
11-9405-684,true,1,12,5,bcb0b00b88fede9e366db73feb3bd488.jpg
10-1915-791,true,1,13,1,bcb0b00b88fede9e366db73feb3bd488.jpg
10-5280-794,true,1,13,2,bcb0b00b88fede9e366db73feb3bd488.jpg
10-8248-799,true,1,13,3,bcb0b00b88fede9e366db73feb3bd488.jpg
11-1201-680,true,1,13,4,bcb0b00b88fede9e366db73feb3bd488.jpg
11-9601-796,false,1,13,5,bcb0b00b88fede9e366db73feb3bd488.jpg
10-1916-794,true,1,14,1,bcb0b00b88fede9e366db73feb3bd488.jpg
10-5286-143,true,1,14,2,bcb0b00b88fede9e366db73feb3bd488.jpg
10-8257-793,true,1,14,3,bcb0b00b88fede9e366db73feb3bd488.jpg
11-1702-794,true,1,14,4,bcb0b00b88fede9e366db73feb3bd488.jpg
11-9602-799,false,1,14,5,bcb0b00b88fede9e366db73feb3bd488.jpg
10-1919-793,true,1,15,1,bcb0b00b88fede9e366db73feb3bd488.jpg
10-5287-146,true,1,15,2,bcb0b00b88fede9e366db73feb3bd488.jpg
10-8258-796,false,1,15,3,bcb0b00b88fede9e366db73feb3bd488.jpg
11-1901-140,false,1,15,4,bcb0b00b88fede9e366db73feb3bd488.jpg
12-1305-794,true,1,15,5,bcb0b00b88fede9e366db73feb3bd488.jpg
10-1920-793,true,1,16,1,bcb0b00b88fede9e366db73feb3bd488.jpg
10-5302-571,true,1,16,2,bcb0b00b88fede9e366db73feb3bd488.jpg
10-8259-799,false,1,16,3,bcb0b00b88fede9e366db73feb3bd488.jpg
11-1901-492,false,1,16,4,bcb0b00b88fede9e366db73feb3bd488.jpg
12-1306-797,true,1,16,5,bcb0b00b88fede9e366db73feb3bd488.jpg
10-2429-491,true,1,17,1,bcb0b00b88fede9e366db73feb3bd488.jpg
10-5306-795,true,1,17,2,bcb0b00b88fede9e366db73feb3bd488.jpg
10-8261-792,true,1,17,3,bcb0b00b88fede9e366db73feb3bd488.jpg
11-1901-799,true,1,17,4,bcb0b00b88fede9e366db73feb3bd488.jpg
12-1802-141,false,1,17,5,bcb0b00b88fede9e366db73feb3bd488.jpg
10-2430-491,true,1,18,1,bcb0b00b88fede9e366db73feb3bd488.jpg
10-5373-795,true,1,18,2,bcb0b00b88fede9e366db73feb3bd488.jpg
10-8294-570,true,1,18,3,bcb0b00b88fede9e366db73feb3bd488.jpg
11-1902-495,false,1,18,4,bcb0b00b88fede9e366db73feb3bd488.jpg
12-1905-491,true,1,18,5,bcb0b00b88fede9e366db73feb3bd488.jpg
10-2436-147,true,1,19,1,bcb0b00b88fede9e366db73feb3bd488.jpg
10-5410-496,true,1,19,2,bcb0b00b88fede9e366db73feb3bd488.jpg
10-8295-573,true,1,19,3,bcb0b00b88fede9e366db73feb3bd488.jpg
11-2901-686,true,1,19,4,bcb0b00b88fede9e366db73feb3bd488.jpg
12-1911-144,false,1,19,5,bcb0b00b88fede9e366db73feb3bd488.jpg
10-2437-140,true,1,20,1,bcb0b00b88fede9e366db73feb3bd488.jpg
10-5411-499,true,1,20,2,bcb0b00b88fede9e366db73feb3bd488.jpg
10-8952-494,true,1,20,3,bcb0b00b88fede9e366db73feb3bd488.jpg
11-3206-797,false,1,20,4,bcb0b00b88fede9e366db73feb3bd488.jpg
12-1914-792,true,1,20,5,bcb0b00b88fede9e366db73feb3bd488.jpg
10-2452-798,true,1,21,1,bcb0b00b88fede9e366db73feb3bd488.jpg
10-5413-792,true,1,21,2,bcb0b00b88fede9e366db73feb3bd488.jpg
10-8953-497,true,1,21,3,bcb0b00b88fede9e366db73feb3bd488.jpg
11-3207-790,false,1,21,4,bcb0b00b88fede9e366db73feb3bd488.jpg
12-3109-145,false,1,21,5,bcb0b00b88fede9e366db73feb3bd488.jpg
10-2471-140,true,1,22,1,bcb0b00b88fede9e366db73feb3bd488.jpg
10-5414-795,true,1,22,2,bcb0b00b88fede9e366db73feb3bd488.jpg
10-9120-498,true,1,22,3,bcb0b00b88fede9e366db73feb3bd488.jpg
11-3703-793,false,1,22,4,bcb0b00b88fede9e366db73feb3bd488.jpg
12-3110-794,false,1,22,5,bcb0b00b88fede9e366db73feb3bd488.jpg
10-3207-496,true,1,23,1,bcb0b00b88fede9e366db73feb3bd488.jpg
10-5611-572,true,1,23,2,bcb0b00b88fede9e366db73feb3bd488.jpg
10-9126-793,true,1,23,3,bcb0b00b88fede9e366db73feb3bd488.jpg
11-3704-147,false,1,23,4,bcb0b00b88fede9e366db73feb3bd488.jpg
12-3112-790,false,1,23,5,bcb0b00b88fede9e366db73feb3bd488.jpg
10-3223-146,true,1,24,1,bcb0b00b88fede9e366db73feb3bd488.jpg
10-5621-142,true,1,24,2,bcb0b00b88fede9e366db73feb3bd488.jpg
10-9128-799,true,1,24,3,bcb0b00b88fede9e366db73feb3bd488.jpg
11-3704-796,false,1,24,4,bcb0b00b88fede9e366db73feb3bd488.jpg
12-3113-793,false,1,24,5,bcb0b00b88fede9e366db73feb3bd488.jpg
10-3224-149,true,1,25,1,bcb0b00b88fede9e366db73feb3bd488.jpg
10-5625-793,true,1,25,2,bcb0b00b88fede9e366db73feb3bd488.jpg
10-9130-792,true,1,25,3,bcb0b00b88fede9e366db73feb3bd488.jpg
11-5204-797,false,1,25,4,bcb0b00b88fede9e366db73feb3bd488.jpg
12-3117-795,false,1,25,5,bcb0b00b88fede9e366db73feb3bd488.jpg
10-3234-795,true,1,26,1,bcb0b00b88fede9e366db73feb3bd488.jpg
10-5626-796,true,1,26,2,bcb0b00b88fede9e366db73feb3bd488.jpg
10-9301-495,false,1,26,3,bcb0b00b88fede9e366db73feb3bd488.jpg
11-5206-793,true,1,26,4,bcb0b00b88fede9e366db73feb3bd488.jpg
12-3123-790,true,1,26,5,bcb0b00b88fede9e366db73feb3bd488.jpg
10-3235-798,true,1,27,1,bcb0b00b88fede9e366db73feb3bd488.jpg
10-5684-792,true,1,27,2,bcb0b00b88fede9e366db73feb3bd488.jpg
10-9302-498,false,1,27,3,bcb0b00b88fede9e366db73feb3bd488.jpg
11-5402-492,false,1,27,4,bcb0b00b88fede9e366db73feb3bd488.jpg
12-3203-498,true,1,27,5,bcb0b00b88fede9e366db73feb3bd488.jpg
10-3236-791,true,1,28,1,bcb0b00b88fede9e366db73feb3bd488.jpg
10-5707-497,true,1,28,2,bcb0b00b88fede9e366db73feb3bd488.jpg
10-9311-492,false,1,28,3,bcb0b00b88fede9e366db73feb3bd488.jpg
11-6601-681,true,1,28,4,bcb0b00b88fede9e366db73feb3bd488.jpg
12-3302-494,true,1,28,5,bcb0b00b88fede9e366db73feb3bd488.jpg
10-3268-576,true,1,29,1,bcb0b00b88fede9e366db73feb3bd488.jpg
10-5710-790,true,1,29,2,bcb0b00b88fede9e366db73feb3bd488.jpg
10-9312-495,false,1,29,3,bcb0b00b88fede9e366db73feb3bd488.jpg
11-6801-498,false,1,29,4,bcb0b00b88fede9e366db73feb3bd488.jpg
12-3304-148,false,1,29,5,bcb0b00b88fede9e366db73feb3bd488.jpg
10-3335-575,true,1,30,1,bcb0b00b88fede9e366db73feb3bd488.jpg
10-6801-149,true,1,30,2,bcb0b00b88fede9e366db73feb3bd488.jpg
10-9322-683,true,1,30,3,bcb0b00b88fede9e366db73feb3bd488.jpg
11-6801-795,false,1,30,4,bcb0b00b88fede9e366db73feb3bd488.jpg
12-3701-794,false,1,30,5,bcb0b00b88fede9e366db73feb3bd488.jpg
10-3342-498,true,1,31,1,bcb0b00b88fede9e366db73feb3bd488.jpg
10-6802-142,true,1,31,2,bcb0b00b88fede9e366db73feb3bd488.jpg
10-9323-686,true,1,31,3,bcb0b00b88fede9e366db73feb3bd488.jpg
11-6802-798,false,1,31,4,bcb0b00b88fede9e366db73feb3bd488.jpg
12-3702-797,false,1,31,5,bcb0b00b88fede9e366db73feb3bd488.jpg
10-3350-796,true,1,32,1,bcb0b00b88fede9e366db73feb3bd488.jpg
10-7501-688,false,1,32,2,bcb0b00b88fede9e366db73feb3bd488.jpg
10-9324-689,false,1,32,3,bcb0b00b88fede9e366db73feb3bd488.jpg
11-7301-687,true,1,32,4,bcb0b00b88fede9e366db73feb3bd488.jpg
12-5217-141,false,1,32,5,bcb0b00b88fede9e366db73feb3bd488.jpg
10-3719-579,true,1,33,1,bcb0b00b88fede9e366db73feb3bd488.jpg
10-7802-145,true,1,33,2,bcb0b00b88fede9e366db73feb3bd488.jpg
10-9325-682,false,1,33,3,bcb0b00b88fede9e366db73feb3bd488.jpg
11-7302-680,true,1,33,4,bcb0b00b88fede9e366db73feb3bd488.jpg
12-5219-796,false,1,33,5,bcb0b00b88fede9e366db73feb3bd488.jpg
10-3728-498,true,1,34,1,bcb0b00b88fede9e366db73feb3bd488.jpg
10-7803-148,true,1,34,2,bcb0b00b88fede9e366db73feb3bd488.jpg
10-9330-141,true,1,34,3,bcb0b00b88fede9e366db73feb3bd488.jpg
11-9102-794,false,1,34,4,bcb0b00b88fede9e366db73feb3bd488.jpg
12-5220-796,false,1,34,5,bcb0b00b88fede9e366db73feb3bd488.jpg
10-3741-798,true,1,35,1,bcb0b00b88fede9e366db73feb3bd488.jpg
10-7871-141,true,1,35,2,bcb0b00b88fede9e366db73feb3bd488.jpg
10-9372-497,false,1,35,3,bcb0b00b88fede9e366db73feb3bd488.jpg
11-9303-689,false,1,35,4,bcb0b00b88fede9e366db73feb3bd488.jpg
12-5222-792,false,1,35,5,bcb0b00b88fede9e366db73feb3bd488.jpg
12-5223-795,false,2,1,1,1787900c9338ac368ce24bc7cb2a6f84.jpg
13-3709-795,false,2,1,2,1787900c9338ac368ce24bc7cb2a6f84.jpg
13-8203-827,false,2,1,3,1787900c9338ac368ce24bc7cb2a6f84.jpg
40-1287-141,true,2,1,4,1787900c9338ac368ce24bc7cb2a6f84.jpg
41-9801-791,true,2,1,5,1787900c9338ac368ce24bc7cb2a6f84.jpg
12-5237-794,true,2,2,1,1787900c9338ac368ce24bc7cb2a6f84.jpg
13-3710-795,false,2,2,2,1787900c9338ac368ce24bc7cb2a6f84.jpg
13-8204-820,false,2,2,3,1787900c9338ac368ce24bc7cb2a6f84.jpg
40-1327-575,true,2,2,4,1787900c9338ac368ce24bc7cb2a6f84.jpg
42-2602-143,true,2,2,5,1787900c9338ac368ce24bc7cb2a6f84.jpg
12-5302-490,true,2,3,1,1787900c9338ac368ce24bc7cb2a6f84.jpg
13-3714-797,false,2,3,2,1787900c9338ac368ce24bc7cb2a6f84.jpg
13-9201-497,true,2,3,3,1787900c9338ac368ce24bc7cb2a6f84.jpg
40-1328-578,true,2,3,4,1787900c9338ac368ce24bc7cb2a6f84.jpg
43-1501-497,true,2,3,5,1787900c9338ac368ce24bc7cb2a6f84.jpg
12-7502-142,false,2,4,1,1787900c9338ac368ce24bc7cb2a6f84.jpg
13-3715-790,false,2,4,2,1787900c9338ac368ce24bc7cb2a6f84.jpg
13-9301-687,false,2,4,3,1787900c9338ac368ce24bc7cb2a6f84.jpg
40-1329-496,true,2,4,4,1787900c9338ac368ce24bc7cb2a6f84.jpg
43-2601-574,true,2,4,5,1787900c9338ac368ce24bc7cb2a6f84.jpg
12-7504-148,false,2,5,1,1787900c9338ac368ce24bc7cb2a6f84.jpg
13-3716-144,true,2,5,2,1787900c9338ac368ce24bc7cb2a6f84.jpg
13-9302-680,false,2,5,3,1787900c9338ac368ce24bc7cb2a6f84.jpg
40-1330-144,true,2,5,4,1787900c9338ac368ce24bc7cb2a6f84.jpg
43-2901-496,true,2,5,5,1787900c9338ac368ce24bc7cb2a6f84.jpg
12-7505-141,false,2,6,1,1787900c9338ac368ce24bc7cb2a6f84.jpg
13-3771-141,true,2,6,2,1787900c9338ac368ce24bc7cb2a6f84.jpg
13-9303-492,false,2,6,3,1787900c9338ac368ce24bc7cb2a6f84.jpg
40-1331-147,true,2,6,4,1787900c9338ac368ce24bc7cb2a6f84.jpg
43-4801-141,true,2,6,5,1787900c9338ac368ce24bc7cb2a6f84.jpg
12-7507-147,true,2,7,1,1787900c9338ac368ce24bc7cb2a6f84.jpg
13-3801-493,true,2,7,2,1787900c9338ac368ce24bc7cb2a6f84.jpg
13-9303-799,false,2,7,3,1787900c9338ac368ce24bc7cb2a6f84.jpg
40-1586-497,true,2,7,4,1787900c9338ac368ce24bc7cb2a6f84.jpg
43-4801-493,true,2,7,5,1787900c9338ac368ce24bc7cb2a6f84.jpg
12-7507-680,false,2,8,1,1787900c9338ac368ce24bc7cb2a6f84.jpg
13-3801-578,true,2,8,2,1787900c9338ac368ce24bc7cb2a6f84.jpg
13-9304-143,false,2,8,3,1787900c9338ac368ce24bc7cb2a6f84.jpg
40-1587-490,true,2,8,4,1787900c9338ac368ce24bc7cb2a6f84.jpg
43-4801-684,true,2,8,5,1787900c9338ac368ce24bc7cb2a6f84.jpg
12-7509-686,false,2,9,1,1787900c9338ac368ce24bc7cb2a6f84.jpg
13-3803-147,false,2,9,2,1787900c9338ac368ce24bc7cb2a6f84.jpg
13-9305-689,false,2,9,3,1787900c9338ac368ce24bc7cb2a6f84.jpg
40-1590-687,true,2,9,4,1787900c9338ac368ce24bc7cb2a6f84.jpg
43-9102-795,true,2,9,5,1787900c9338ac368ce24bc7cb2a6f84.jpg
12-7510-686,false,2,10,1,1787900c9338ac368ce24bc7cb2a6f84.jpg
13-3804-492,true,2,10,2,1787900c9338ac368ce24bc7cb2a6f84.jpg
13-9306-798,false,2,10,3,1787900c9338ac368ce24bc7cb2a6f84.jpg
40-1591-680,true,2,10,4,1787900c9338ac368ce24bc7cb2a6f84.jpg
43-9203-490,true,2,10,5,1787900c9338ac368ce24bc7cb2a6f84.jpg
12-7571-148,true,2,11,1,1787900c9338ac368ce24bc7cb2a6f84.jpg
13-4701-794,false,2,11,2,1787900c9338ac368ce24bc7cb2a6f84.jpg
13-9307-579,true,2,11,3,1787900c9338ac368ce24bc7cb2a6f84.jpg
40-1955-147,true,2,11,4,1787900c9338ac368ce24bc7cb2a6f84.jpg
43-9801-146,true,2,11,5,1787900c9338ac368ce24bc7cb2a6f84.jpg
12-9103-794,false,2,12,1,1787900c9338ac368ce24bc7cb2a6f84.jpg
13-4702-797,true,2,12,2,1787900c9338ac368ce24bc7cb2a6f84.jpg
13-9307-791,false,2,12,3,1787900c9338ac368ce24bc7cb2a6f84.jpg
40-2109-497,true,2,12,4,1787900c9338ac368ce24bc7cb2a6f84.jpg
43-9801-498,true,2,12,5,1787900c9338ac368ce24bc7cb2a6f84.jpg
12-9106-496,true,2,13,1,1787900c9338ac368ce24bc7cb2a6f84.jpg
13-5210-796,false,2,13,2,1787900c9338ac368ce24bc7cb2a6f84.jpg
13-9308-145,false,2,13,3,1787900c9338ac368ce24bc7cb2a6f84.jpg
40-2110-688,true,2,13,4,1787900c9338ac368ce24bc7cb2a6f84.jpg
45-6055-498,true,2,13,5,1787900c9338ac368ce24bc7cb2a6f84.jpg
12-9302-683,true,2,14,1,1787900c9338ac368ce24bc7cb2a6f84.jpg
13-5211-799,false,2,14,2,1787900c9338ac368ce24bc7cb2a6f84.jpg
13-9308-572,true,2,14,3,1787900c9338ac368ce24bc7cb2a6f84.jpg
40-2122-148,true,2,14,4,1787900c9338ac368ce24bc7cb2a6f84.jpg
45-6077-146,true,2,14,5,1787900c9338ac368ce24bc7cb2a6f84.jpg
12-9303-143,false,2,15,1,1787900c9338ac368ce24bc7cb2a6f84.jpg
13-5609-143,false,2,15,2,1787900c9338ac368ce24bc7cb2a6f84.jpg
13-9308-794,false,2,15,3,1787900c9338ac368ce24bc7cb2a6f84.jpg
40-2123-141,true,2,15,4,1787900c9338ac368ce24bc7cb2a6f84.jpg
45-6079-142,true,2,15,5,1787900c9338ac368ce24bc7cb2a6f84.jpg
12-9305-682,false,2,16,1,1787900c9338ac368ce24bc7cb2a6f84.jpg
13-5615-797,false,2,16,2,1787900c9338ac368ce24bc7cb2a6f84.jpg
13-9309-148,false,2,16,3,1787900c9338ac368ce24bc7cb2a6f84.jpg
40-2323-491,true,2,16,4,1787900c9338ac368ce24bc7cb2a6f84.jpg
46-1315-796,true,2,16,5,1787900c9338ac368ce24bc7cb2a6f84.jpg
12-9307-145,false,2,17,1,1787900c9338ac368ce24bc7cb2a6f84.jpg
13-5617-793,false,2,17,2,1787900c9338ac368ce24bc7cb2a6f84.jpg
13-9311-790,false,2,17,3,1787900c9338ac368ce24bc7cb2a6f84.jpg
40-2326-681,true,2,17,4,1787900c9338ac368ce24bc7cb2a6f84.jpg
46-5084-148,true,2,17,5,1787900c9338ac368ce24bc7cb2a6f84.jpg
12-9308-148,false,2,18,1,1787900c9338ac368ce24bc7cb2a6f84.jpg
13-5618-796,false,2,18,2,1787900c9338ac368ce24bc7cb2a6f84.jpg
13-9312-793,false,2,18,3,1787900c9338ac368ce24bc7cb2a6f84.jpg
40-2337-148,true,2,18,4,1787900c9338ac368ce24bc7cb2a6f84.jpg
46-5085-141,true,2,18,5,1787900c9338ac368ce24bc7cb2a6f84.jpg
12-9309-493,true,2,19,1,1787900c9338ac368ce24bc7cb2a6f84.jpg
13-5619-492,true,2,19,2,1787900c9338ac368ce24bc7cb2a6f84.jpg
13-9402-573,true,2,19,3,1787900c9338ac368ce24bc7cb2a6f84.jpg
40-2338-141,true,2,19,4,1787900c9338ac368ce24bc7cb2a6f84.jpg
46-5086-144,true,2,19,5,1787900c9338ac368ce24bc7cb2a6f84.jpg
13-1202-793,true,2,20,1,1787900c9338ac368ce24bc7cb2a6f84.jpg
13-5624-142,true,2,20,2,1787900c9338ac368ce24bc7cb2a6f84.jpg
13-9403-798,false,2,20,3,1787900c9338ac368ce24bc7cb2a6f84.jpg
40-2483-492,true,2,20,4,1787900c9338ac368ce24bc7cb2a6f84.jpg
46-7131-385,true,2,20,5,1787900c9338ac368ce24bc7cb2a6f84.jpg
13-1702-491,true,2,21,1,1787900c9338ac368ce24bc7cb2a6f84.jpg
13-5672-141,true,2,21,2,1787900c9338ac368ce24bc7cb2a6f84.jpg
15-3053-687,false,2,21,3,1787900c9338ac368ce24bc7cb2a6f84.jpg
40-2484-686,true,2,21,4,1787900c9338ac368ce24bc7cb2a6f84.jpg
46-7132-579,true,2,21,5,1787900c9338ac368ce24bc7cb2a6f84.jpg
13-1803-790,false,2,22,1,1787900c9338ac368ce24bc7cb2a6f84.jpg
13-5701-148,true,2,22,2,1787900c9338ac368ce24bc7cb2a6f84.jpg
15-3054-796,true,2,22,3,1787900c9338ac368ce24bc7cb2a6f84.jpg
40-2673-578,true,2,22,4,1787900c9338ac368ce24bc7cb2a6f84.jpg
46-7133-572,true,2,22,5,1787900c9338ac368ce24bc7cb2a6f84.jpg
13-1901-496,false,2,23,1,1787900c9338ac368ce24bc7cb2a6f84.jpg
13-5701-797,false,2,23,2,1787900c9338ac368ce24bc7cb2a6f84.jpg
15-3055-799,true,2,23,3,1787900c9338ac368ce24bc7cb2a6f84.jpg
40-2691-149,true,2,23,4,1787900c9338ac368ce24bc7cb2a6f84.jpg
46-7134-575,true,2,23,5,1787900c9338ac368ce24bc7cb2a6f84.jpg
13-1904-143,false,2,24,1,1787900c9338ac368ce24bc7cb2a6f84.jpg
13-5704-796,false,2,24,2,1787900c9338ac368ce24bc7cb2a6f84.jpg
15-3056-143,false,2,24,3,1787900c9338ac368ce24bc7cb2a6f84.jpg
40-2693-145,true,2,24,4,1787900c9338ac368ce24bc7cb2a6f84.jpg
46-7135-578,true,2,24,5,1787900c9338ac368ce24bc7cb2a6f84.jpg
13-1905-689,false,2,25,1,1787900c9338ac368ce24bc7cb2a6f84.jpg
13-6602-497,true,2,25,2,1787900c9338ac368ce24bc7cb2a6f84.jpg
15-3057-795,false,2,25,3,1787900c9338ac368ce24bc7cb2a6f84.jpg
40-2694-148,true,2,25,4,1787900c9338ac368ce24bc7cb2a6f84.jpg
46-7136-571,true,2,25,5,1787900c9338ac368ce24bc7cb2a6f84.jpg
13-3206-791,false,2,26,1,1787900c9338ac368ce24bc7cb2a6f84.jpg
13-6602-572,true,2,26,2,1787900c9338ac368ce24bc7cb2a6f84.jpg
16-1657-684,true,2,26,3,1787900c9338ac368ce24bc7cb2a6f84.jpg
40-2913-498,true,2,26,4,1787900c9338ac368ce24bc7cb2a6f84.jpg
46-7137-574,true,2,26,5,1787900c9338ac368ce24bc7cb2a6f84.jpg
13-3207-794,false,2,27,1,1787900c9338ac368ce24bc7cb2a6f84.jpg
13-6603-797,false,2,27,2,1787900c9338ac368ce24bc7cb2a6f84.jpg
16-1662-686,true,2,27,3,1787900c9338ac368ce24bc7cb2a6f84.jpg
40-2914-491,true,2,27,4,1787900c9338ac368ce24bc7cb2a6f84.jpg
46-7138-577,true,2,27,5,1787900c9338ac368ce24bc7cb2a6f84.jpg
13-3214-495,true,2,28,1,1787900c9338ac368ce24bc7cb2a6f84.jpg
13-6671-493,true,2,28,2,1787900c9338ac368ce24bc7cb2a6f84.jpg
16-1668-790,true,2,28,3,1787900c9338ac368ce24bc7cb2a6f84.jpg
40-2936-149,true,2,28,4,1787900c9338ac368ce24bc7cb2a6f84.jpg
46-8365-495,true,2,28,5,1787900c9338ac368ce24bc7cb2a6f84.jpg
13-3222-793,false,2,29,1,1787900c9338ac368ce24bc7cb2a6f84.jpg
13-6701-790,true,2,29,2,1787900c9338ac368ce24bc7cb2a6f84.jpg
16-2186-680,true,2,29,3,1787900c9338ac368ce24bc7cb2a6f84.jpg
40-3818-572,true,2,29,4,1787900c9338ac368ce24bc7cb2a6f84.jpg
46-8395-687,true,2,29,5,1787900c9338ac368ce24bc7cb2a6f84.jpg
13-3223-796,false,2,30,1,1787900c9338ac368ce24bc7cb2a6f84.jpg
13-7303-496,true,2,30,2,1787900c9338ac368ce24bc7cb2a6f84.jpg
16-2195-141,true,2,30,3,1787900c9338ac368ce24bc7cb2a6f84.jpg
40-5719-145,true,2,30,4,1787900c9338ac368ce24bc7cb2a6f84.jpg
46-8437-796,true,2,30,5,1787900c9338ac368ce24bc7cb2a6f84.jpg
13-3224-140,true,2,31,1,1787900c9338ac368ce24bc7cb2a6f84.jpg
13-7306-495,false,2,31,2,1787900c9338ac368ce24bc7cb2a6f84.jpg
16-2198-799,true,2,31,3,1787900c9338ac368ce24bc7cb2a6f84.jpg
40-9101-142,true,2,31,4,1787900c9338ac368ce24bc7cb2a6f84.jpg
46-8438-799,true,2,31,5,1787900c9338ac368ce24bc7cb2a6f84.jpg
13-3230-794,true,2,32,1,1787900c9338ac368ce24bc7cb2a6f84.jpg
13-7702-499,true,2,32,2,1787900c9338ac368ce24bc7cb2a6f84.jpg
40-1274-572,true,2,32,3,1787900c9338ac368ce24bc7cb2a6f84.jpg
40-9239-498,true,2,32,4,1787900c9338ac368ce24bc7cb2a6f84.jpg
46-8439-792,true,2,32,5,1787900c9338ac368ce24bc7cb2a6f84.jpg
13-3303-791,false,2,33,1,1787900c9338ac368ce24bc7cb2a6f84.jpg
13-7771-495,true,2,33,2,1787900c9338ac368ce24bc7cb2a6f84.jpg
40-1277-496,true,2,33,3,1787900c9338ac368ce24bc7cb2a6f84.jpg
40-9246-144,true,2,33,4,1787900c9338ac368ce24bc7cb2a6f84.jpg
13-3705-496,true,2,34,1,1787900c9338ac368ce24bc7cb2a6f84.jpg
13-8103-682,false,2,34,2,1787900c9338ac368ce24bc7cb2a6f84.jpg
40-1283-149,true,2,34,3,1787900c9338ac368ce24bc7cb2a6f84.jpg
40-9613-140,true,2,34,4,1787900c9338ac368ce24bc7cb2a6f84.jpg
13-3707-140,true,2,35,1,1787900c9338ac368ce24bc7cb2a6f84.jpg
13-8201-821,false,2,35,2,1787900c9338ac368ce24bc7cb2a6f84.jpg
40-1284-142,true,2,35,3,1787900c9338ac368ce24bc7cb2a6f84.jpg
41-1501-684,true,2,35,4,1787900c9338ac368ce24bc7cb2a6f84.jpg
13-3708-143,true,2,36,1,1787900c9338ac368ce24bc7cb2a6f84.jpg
13-8202-824,false,2,36,2,1787900c9338ac368ce24bc7cb2a6f84.jpg
40-1286-148,true,2,36,3,1787900c9338ac368ce24bc7cb2a6f84.jpg
41-2601-686,true,2,36,4,1787900c9338ac368ce24bc7cb2a6f84.jpg
